generation,active,k_generation,entropy_bits
1,False,1.4458935359440057,5.293074171335087
2,False,1.4683981555204157,5.297347140930668
3,False,1.4592576309173508,5.3044917798862
4,False,1.446378262001908,5.290034851131401
5,False,1.453425703649212,5.298912761548096
6,False,1.4565871405467032,5.294170335643432
7,False,1.4274362050709435,5.302257588566694
8,False,1.4736457019964742,5.291753259918741
9,False,1.4399405611600051,5.301834358458088
10,False,1.435702282147971,5.298114190812666
11,False,1.4592791672260108,5.29962484557943
12,False,1.4478057599046923,5.295566642728205
13,False,1.448260764775741,5.297260680776995
14,False,1.4464425734724415,5.296890167972454
15,False,1.4501440805582353,5.293837971344562
16,False,1.4384511136898026,5.2993483502336165
17,False,1.45459114888077,5.294243623372377
18,False,1.4552330782923129,5.299154191404841
19,False,1.4406294000120836,5.2930131592680585
20,False,1.4696560856973306,5.2958605031345565
21,False,1.4622115366221036,5.290536364230425
22,False,1.4242055149326907,5.293409518072866
23,False,1.4552444474714106,5.296338047848906
24,False,1.4246311533117826,5.294396851190744
25,False,1.462503399770235,5.290691724556925
26,False,1.446476358018692,5.291913574455861
27,False,1.465418865247293,5.301696467286929
28,False,1.4319413537987333,5.293839099557292
29,False,1.459745765569807,5.2863675247165505
30,False,1.4373136156568278,5.289205338950964
31,False,1.441156200252065,5.296515933123366
32,False,1.4509003872117991,5.301077141432044
33,False,1.4476776835442402,5.296791746782643
34,False,1.4331359882235344,5.297353908809738
35,False,1.4389215180138217,5.300086311071186
36,False,1.4513074488588844,5.297039442422677
37,False,1.4430657262713722,5.291426822240122
38,False,1.4618393024740313,5.296887089383145
39,False,1.4363436509579535,5.299740769393998
40,False,1.459174604464255,5.291329378524783
41,False,1.4386945817346162,5.292366491091668
42,False,1.4488452868183166,5.29399838832269
43,False,1.43562310267964,5.293573444498962
44,False,1.452584849853524,5.289206455510943
45,False,1.4503712731343386,5.2870698505612035
46,False,1.4573913008316601,5.3075750248785
47,False,1.4337196939277905,5.297192709457865
48,False,1.4581063993887418,5.291537195212522
49,False,1.451193212041062,5.2971622268903005
50,False,1.4273725593590434,5.290630234014836
51,False,1.4614915529877417,5.2893160977890705
52,False,1.4529946560428184,5.290052195279482
53,False,1.4424913595466324,5.296294129936048
54,False,1.434414915288914,5.295832149789689
55,False,1.4573012473621185,5.296482317886873
56,False,1.4580002445382694,5.29467770609373
57,False,1.4507593330749606,5.288053712585215
58,False,1.454847327157894,5.300325724872621
59,False,1.460320955742255,5.29265147243395
60,False,1.4233278015634012,5.294013831767651
61,False,1.427622704822555,5.293685133169855
62,False,1.4501530693981646,5.291062747867132
63,False,1.4456317638612641,5.297979734593634
64,False,1.448397026692571,5.289857530670923
65,False,1.4474778889489972,5.305723909783624
66,False,1.4422828356461401,5.2967503300031105
67,False,1.4518544922980514,5.2992453074802235
68,False,1.4556617107633898,5.295048988199567
69,False,1.4407807140295315,5.289047709855747
70,False,1.4613906636004705,5.292781824819432
71,False,1.4512995192327403,5.29190191572314
72,False,1.4378041874675418,5.2850517699569
73,False,1.4549917645274812,5.291695347629135
74,False,1.4312423131591616,5.302788494296524
75,False,1.4468438947771338,5.301709317396285
76,False,1.4593422426299425,5.289422040847838
77,False,1.4410638612258033,5.296663419712503
78,False,1.4510793897889158,5.297332307538522
79,False,1.4464715633696132,5.295972052318318
80,False,1.4368367657072372,5.297981907586661
81,False,1.4440640560886886,5.306359147121204
82,False,1.4404667800760846,5.29569909341366
83,False,1.4432856779770205,5.295173104609293
84,False,1.4414919041701622,5.294615251171222
85,False,1.444317260494021,5.2847784824709825
86,False,1.460348470680367,5.297151557302325
87,False,1.4494484556424032,5.294605565182409
88,False,1.4521916297059334,5.290598400098742
89,False,1.4570393285269174,5.291283291670194
90,False,1.438231931905963,5.300274453435281
91,False,1.4411820884955207,5.296987648783275
92,False,1.4328639554918094,5.296749109181191
93,False,1.437625496054277,5.2947424962607625
94,False,1.4307963330306086,5.291844343838639
95,False,1.447687863371956,5.294163676934195
96,False,1.4292979231053724,5.29387781421618
97,False,1.4369703235747509,5.30499844075471
98,False,1.4387663604174472,5.293360485270023
99,False,1.4443399994876966,5.296743092326192
100,False,1.4389200723576654,5.29439961746821
101,False,1.4666392610030796,5.291467085598355
102,False,1.4541547740902787,5.292110035128335
103,False,1.4473596025009066,5.300406268442205
104,False,1.4386802138552095,5.289964717084579
105,False,1.4357207887487415,5.2941800276193325
106,False,1.4558521641360818,5.294370853800266
107,False,1.4542087506460115,5.300118726846303
108,False,1.4435319266581177,5.295544793937012
109,False,1.435304952128982,5.291706220814477
110,False,1.4556750365946083,5.292692710238507
111,False,1.4589709915903748,5.300755722437629
112,False,1.440717359029045,5.2945412191258105
113,False,1.446933691654445,5.295339942837671
114,False,1.42991647173021,5.296221882866498
115,False,1.4527136929171651,5.286926865698635
116,False,1.4285565936930649,5.293712953248667
117,False,1.4481737327522024,5.302159086696162
118,False,1.4235261410219993,5.298781014320141
119,False,1.4250028905961607,5.300051143121406
120,False,1.4442110321562076,5.294112930980259
121,False,1.4576245653035649,5.2871269477354605
122,False,1.4359361426023505,5.2964136141718585
123,False,1.4499214482235885,5.288443667376582
124,False,1.4584564020256903,5.30090398099155
125,False,1.456962655006791,5.300996588419224
126,False,1.4502070115992491,5.295494312322058
127,False,1.4554025269852704,5.296349214084315
128,False,1.4479992492553502,5.304920765421066
129,False,1.4506314177655069,5.302554494668366
130,False,1.4219718234101042,5.294769194482118
131,False,1.442787838826986,5.302190439810264
132,False,1.460725906607414,5.29239742948925
133,False,1.4516809507658268,5.289976651072668
134,False,1.4483279567714564,5.284345201182394
135,False,1.4411245836776285,5.2970913838746645
136,False,1.45027655630843,5.297388630001023
137,False,1.4321774050575946,5.295753134675195
138,False,1.450468450824898,5.299663374921218
139,False,1.4549453875512082,5.298144401651269
140,False,1.4450604225341783,5.2991750375738205
141,False,1.4528616655553612,5.29149315814846
142,False,1.458721887271114,5.29719697059827
143,False,1.4358635043474948,5.299247096271141
144,False,1.464695346197853,5.284078879613902
145,False,1.4514659674672732,5.300135674941699
146,False,1.4368106566035193,5.294876857880971
147,False,1.4463959388610956,5.300803720542456
148,False,1.4578688437501903,5.299392336834099
149,False,1.4505185330974237,5.300821795944239
150,False,1.4320219250185768,5.298691938102284
151,False,1.4480212098892538,5.287654329458862
152,False,1.4351712213307757,5.298588510122493
153,False,1.4529279981238892,5.290086884566389
154,False,1.4511363461267992,5.298929863694472
155,False,1.4372419693645777,5.294312892081604
156,False,1.447455476695486,5.299438094839898
157,False,1.437061981529589,5.302947032755319
158,False,1.4540520648102209,5.295275533942092
159,False,1.4346328560945436,5.2925656022290015
160,False,1.4578624073738928,5.2968208044418805
161,False,1.441165486392049,5.297472016116959
162,False,1.4256456328532965,5.295288520426469
163,False,1.4416339733963268,5.285131777045701
164,False,1.4378646990971524,5.291196269974276
165,False,1.4613205984547228,5.297581225655551
166,False,1.4429311165811942,5.296092451273814
167,False,1.427181948022242,5.2900182465230285
168,False,1.4421508127152627,5.297904226991952
169,False,1.4483358528992363,5.292289865282472
170,False,1.4502137903786128,5.293996381269008
171,False,1.4656838000315966,5.288845406824623
172,False,1.4368180111569868,5.296241754248526
173,False,1.4739995177705498,5.284232033399652
174,False,1.4484211360083479,5.288236785799078
175,False,1.444883665812473,5.291072648793201
176,False,1.4417414551663805,5.296243941760988
177,False,1.4513122123140112,5.294562853710777
178,False,1.4377519075450416,5.290821883522049
179,False,1.4468385030765991,5.293308246326044
180,False,1.4387324215663693,5.295834458915903
181,False,1.4567005909157111,5.287154758931378
182,False,1.473999291408206,5.2977469440391785
183,False,1.4359766299385497,5.297445604972286
184,False,1.4526031037750724,5.308590627023756
185,False,1.445172536810853,5.292044034122849
186,False,1.448107414761273,5.297345526047062
187,False,1.4521690323483394,5.297349550553397
188,False,1.4332698886512805,5.298054649258439
189,False,1.4584269494715252,5.30052545817793
190,False,1.4626924370424403,5.295862707357245
191,False,1.4462432720757235,5.292556147465528
192,False,1.4604698983713624,5.283633199255063
193,False,1.4585620107449355,5.307817517158963
194,False,1.4513580833261008,5.29596521208588
195,False,1.4507743859374962,5.289134915716656
196,False,1.4476054617925818,5.282557207965762
197,False,1.4591133718382943,5.296981501304184
198,False,1.4406494735978994,5.30063337155016
199,False,1.4601746944973621,5.292323626166909
200,False,1.4668360919775905,5.296243661969809
201,False,1.4494950656328665,5.293097397608152
202,False,1.4370746170924802,5.299023021114816
203,False,1.4330554621705576,5.298094242669927
204,False,1.4473788423080882,5.293706882850997
205,False,1.4324174568639094,5.2967561050409255
206,False,1.4364073905514783,5.305904309039366
207,False,1.4434858055133986,5.29551333612215
208,False,1.4415586169856138,5.298839761778793
209,False,1.4450438517423427,5.299733326983636
210,False,1.4265047040732077,5.29357415354401
211,False,1.4561925194644998,5.2980083147012325
212,False,1.4539014482308423,5.284453201665576
213,False,1.4518484113999546,5.302274386665975
214,False,1.4568697346139743,5.291552330434746
215,False,1.421220949455274,5.294774620846538
216,False,1.4577861985593472,5.291396854293536
217,False,1.455766133055127,5.282139618696855
218,False,1.4464347402099054,5.3016205923383035
219,False,1.4490851573036185,5.299496534384779
220,False,1.446759386851411,5.294178492156648
221,False,1.4429567874620703,5.287573604348204
222,False,1.4639087800414265,5.293635077068402
223,False,1.4577015459412281,5.294682627066632
224,False,1.4432015476982445,5.29859834839407
225,False,1.4391236229666768,5.292878144786133
226,False,1.4417103436733407,5.300512741356456
227,False,1.46198689685461,5.2981572660562835
228,False,1.4600473334286583,5.29758590087042
229,False,1.4526244056839641,5.2975043018487735
230,False,1.4635128446967685,5.294774536878317
231,False,1.4622531874326898,5.296742844290191
232,False,1.4445408317342014,5.299345755274619
233,False,1.4522833229919918,5.288517264635554
234,False,1.4798696658740593,5.283188130793964
235,False,1.4444212128086054,5.29979551034045
236,False,1.4734384003281422,5.299956478605765
237,False,1.452271951544277,5.291885412082463
238,False,1.4485520853052019,5.28555354822114
239,False,1.4385854221205494,5.285343477525385
240,False,1.4407473258268222,5.297030701328567
241,False,1.4360435698586873,5.2974607380696845
242,False,1.4502240928864925,5.293108666224132
243,False,1.4374046436812398,5.310120199143921
244,False,1.4381891002530198,5.304307058587017
245,False,1.4533822434664623,5.300447859261518
246,False,1.4587938545581884,5.300714906531556
247,False,1.4495178611429869,5.301863608117669
248,False,1.4672317985751369,5.285850275331834
249,False,1.43669489052198,5.292374456198522
250,False,1.4644496093109047,5.294568404618024
251,False,1.4665269940726948,5.293152061189598
252,False,1.4432209460009535,5.2976123785039455
253,False,1.4523882536830741,5.296354018513801
254,False,1.4609802395612712,5.294604725731229
255,False,1.4511827054410673,5.2903780689935465
256,False,1.4550984146090644,5.304230620784456
257,False,1.4445881001787324,5.2983732827959615
258,False,1.4499237447827484,5.294851171249651
259,False,1.465142558432719,5.306995474390037
260,False,1.4501295768623412,5.295194036988785
261,False,1.4584637092619317,5.288558981088305
262,False,1.4432246880328723,5.307384462765931
263,False,1.4598081399242626,5.290963118946532
264,False,1.4471096864286577,5.302735303255808
265,False,1.470661893680016,5.2968056398791035
266,False,1.445290742176916,5.299967731634217
267,False,1.4355338288370016,5.295520790832852
268,False,1.4517624994396294,5.296024737006824
269,False,1.4322269524197202,5.283206116675402
270,False,1.4541340090035453,5.295305868780051
271,False,1.4386815509867523,5.2999352102708155
272,False,1.4660880479048588,5.28813822246519
273,False,1.4214914916291532,5.288318158760509
274,False,1.441434535655323,5.299813024183312
275,False,1.4342832097173657,5.299095887295354
276,False,1.4414775738563772,5.299405654065362
277,False,1.4546962241043746,5.288092477057723
278,False,1.4341925907378896,5.3033515768754
279,False,1.452254837132337,5.301757870715222
280,False,1.459861402662403,5.29539412311344
281,False,1.4528750969193212,5.298096226340392
282,False,1.4370278908788365,5.300328127190628
283,False,1.4592404488317177,5.297730993211573
284,False,1.4399282012215189,5.2915165441796415
285,False,1.4522760192118902,5.2912452670040855
286,False,1.4673599930297778,5.295973825684315
287,False,1.442153231316391,5.2951640688948025
288,False,1.4477289203499728,5.29787240475009
289,False,1.4364770503013256,5.29865037964023
290,False,1.4457399720179407,5.300439421480761
291,False,1.4333662109044818,5.300877953505979
292,False,1.44160089620104,5.292860379420643
293,False,1.43265102812308,5.290346872165732
294,False,1.433720594178433,5.293751941337067
295,False,1.4637408134779424,5.296059367708507
296,False,1.4695027138693697,5.285443182652233
297,False,1.4437639228939632,5.296535825984671
298,False,1.4371842519251066,5.300018057754109
299,False,1.4371858539416815,5.29436396398986
300,False,1.4423870926210622,5.297054922906188
301,False,1.4185540294395684,5.29297531359787
302,False,1.438319731181111,5.295262589418732
303,False,1.4586334121716837,5.2945588059073545
304,False,1.452659480940192,5.293938562440793
305,False,1.4622938912408587,5.291397635687725
306,False,1.4282997010773528,5.300925133040276
307,False,1.4526638750719185,5.295011230866866
308,False,1.4375250839669904,5.291483224958894
309,False,1.4324901045688634,5.29411709501375
310,False,1.4484635121930196,5.294254880543619
311,False,1.4381846066136832,5.294604723924196
312,False,1.4521085586217901,5.292965390481215
313,False,1.440592063970443,5.295390713866605
314,False,1.4520171340214578,5.2887535795686045
315,False,1.435666468039615,5.28752605549688
316,False,1.4683506509318087,5.299010038563792
317,False,1.461726987341584,5.292229378191853
318,False,1.4418313970109602,5.292511591630829
319,False,1.450130009202419,5.301592705694886
320,False,1.449419994250633,5.299307710613998
321,False,1.4500631972430715,5.287566549752348
322,False,1.454865409146807,5.300908423487071
323,False,1.4338365346813242,5.289294591022231
324,False,1.4558909729658143,5.298459354123149
325,False,1.443710577391136,5.285948427268454
326,False,1.4470986698137012,5.287552110980205
327,False,1.4458857212390985,5.292091877885482
328,False,1.4478787610184747,5.287189943189653
329,False,1.4481700113467253,5.291559525064666
330,False,1.453436854127807,5.294619694154768
331,False,1.4554871479799514,5.290474228574406
332,False,1.4425196165112113,5.297624351814317
333,False,1.4574815502460396,5.285922363388121
334,False,1.4376817683911776,5.296077661128962
335,False,1.454086309976634,5.284924166656308
336,False,1.4433381449368814,5.301613125822601
337,False,1.4326661773305933,5.292373480596315
338,False,1.446172316358412,5.294072893974646
339,False,1.4483159122622749,5.283780265974565
340,False,1.43500783923791,5.294735460099825
341,False,1.4375660969343078,5.287882893264345
342,False,1.4456180065330868,5.30327686440367
343,False,1.4514814072516125,5.286254287743618
344,False,1.4616270179930544,5.292447145966618
345,False,1.4456687811456672,5.294540243903121
346,False,1.4306676735712478,5.2975745258885665
347,False,1.442442914082436,5.297529480013144
348,False,1.4519532261440333,5.292864074668443
349,False,1.445997936223353,5.298417628775769
350,False,1.4536246600239828,5.29388933697406
351,False,1.4454337297213895,5.2901038007582475
352,False,1.4406876559205526,5.284898614974749
353,False,1.4691456407245886,5.2897821056584995
354,False,1.4646847964423957,5.2939084526712366
355,False,1.458111121435116,5.292030334222136
356,False,1.433518294324142,5.294081402848678
357,False,1.4632198511807775,5.297390767053856
358,False,1.4582540829013424,5.299418098988929
359,False,1.448338632636586,5.306358161028466
360,False,1.4454166187098074,5.293458857723364
361,False,1.4654577837628,5.293976031843664
362,False,1.4514081316875342,5.288846670138332
363,False,1.4497495230156248,5.291451374396361
364,False,1.442318371587133,5.295685481891535
365,False,1.4537941387047029,5.300100290396997
366,False,1.457012578512136,5.30023158609504
367,False,1.441661824019372,5.299525948763655
368,False,1.438745851625501,5.290039123654647
369,False,1.4644192337792414,5.302285892776937
370,False,1.4629365319351095,5.290992360709069
371,False,1.4701259088048146,5.291055487790698
372,False,1.4522728707256698,5.2949639744221155
373,False,1.4393631951792822,5.2982660326695665
374,False,1.4503354023001465,5.300006944880756
375,False,1.4498008502070903,5.293763125435608
376,False,1.470677985513899,5.2963065413610515
377,False,1.4523975064664472,5.294825800963793
378,False,1.4383206811047446,5.297848498722198
379,False,1.419750592092665,5.280377826436786
380,False,1.4565603467899904,5.287583469859694
381,False,1.4396174109384656,5.292932553946388
382,False,1.4558088194440346,5.297771725070902
383,False,1.453770890815861,5.295234288462643
384,False,1.435868155687612,5.302807300008513
385,False,1.43435244949975,5.297904640513859
386,False,1.467345803546062,5.2937802390817446
387,False,1.4424076022217396,5.280107331957659
388,False,1.4479327936831248,5.295003891791635
389,False,1.455663241928957,5.284969229066678
390,False,1.4553456578200283,5.295812718001063
391,False,1.4450332751580992,5.295333001233056
392,False,1.4401703140772437,5.2959723879532135
393,False,1.4477187695792264,5.3006376041865035
394,False,1.4617730432950746,5.29626372178268
395,False,1.4441419227312713,5.302577998969623
396,False,1.4502396552503274,5.29564345667661
397,False,1.4514807301512487,5.296960205379355
398,False,1.4481515051965477,5.292165057243283
399,False,1.4758159858176259,5.2964728177887945
400,False,1.442143851788487,5.288132820601813
401,True,1.434589158603224,5.294071118828491
402,True,1.4558905355056233,5.283997975271783
403,True,1.455029478681726,5.30034830531521
404,True,1.451743703350242,5.297046435135411
405,True,1.4365676799318072,5.297972001969682
406,True,1.4466869836309255,5.292773564055927
407,True,1.4470526565690194,5.293604417312496
408,True,1.4670236378246138,5.2972420624025265
409,True,1.4565111598211573,5.301975493346531
410,True,1.43187294860647,5.294805694355913
411,True,1.4566917897286915,5.298690325445562
412,True,1.4285949469852812,5.298705822881978
413,True,1.4520421559077155,5.2951304282532075
414,True,1.4444844133986134,5.2957991416206065
415,True,1.4481307038728237,5.294609949256164
416,True,1.4623819535399634,5.293070626365126
417,True,1.4411911795776828,5.291968315812598
418,True,1.4612450433893314,5.305788582190543
419,True,1.4467995779836842,5.294717864269976
420,True,1.446176492767255,5.296025999411653
421,True,1.447480389070196,5.2886142687691935
422,True,1.4545503458730817,5.296780363125513
423,True,1.437610544104121,5.291906931053292
424,True,1.465509259872369,5.2889065781475475
425,True,1.4639668674077269,5.302326304277822
426,True,1.4543810568250972,5.295970220305079
427,True,1.4627165764223964,5.289593257400574
428,True,1.4563049335993221,5.293110474086222
429,True,1.4221587365166826,5.297830782434628
430,True,1.4471816716192565,5.303223819231039
431,True,1.4360321000897172,5.297702156070514
432,True,1.4365246685161241,5.301168740107955
433,True,1.4582124225588124,5.282528382294345
434,True,1.4287929774056043,5.294833225218814
435,True,1.4621414161835768,5.292266823672244
436,True,1.4546273719633505,5.29601662686434
437,True,1.458375611680821,5.301679068729781
438,True,1.4523064201585745,5.3021011509219
439,True,1.4416352468624039,5.301514398098507
440,True,1.436175007476421,5.299075346591376
441,True,1.4410251261439762,5.2836178749438405
442,True,1.4503699547576323,5.293741341513404
443,True,1.4602101694152947,5.299397282478115
444,True,1.4548320172896398,5.29753934220136
445,True,1.4479159648169377,5.303499967952685
446,True,1.440383613173466,5.300403031167846
447,True,1.4355228458359002,5.292437336916343
448,True,1.450748844237715,5.305709673134072
449,True,1.4629534052130173,5.290308458668136
450,True,1.438223609997343,5.2957375776955296
451,True,1.4632774933952555,5.292898794766823
452,True,1.444587306025054,5.290070432787612
453,True,1.443407724302232,5.302164149607917
454,True,1.4508559723388657,5.296977301901623
455,True,1.4500715609032868,5.293669867880689
456,True,1.4245330236380433,5.2863223633999405
457,True,1.4411992019694404,5.292965684809567
458,True,1.4408357098740263,5.300518376320206
459,True,1.4327303813298815,5.294022901567401
460,True,1.454377531102997,5.286195799019539
461,True,1.4397624986222533,5.29066427402866
462,True,1.4589697962934483,5.295987097151379
463,True,1.4606610391796202,5.291779561799241
464,True,1.4482956066811903,5.300919599678503
465,True,1.4466520175828583,5.29782035444473
466,True,1.4488388637416394,5.299502920379897
467,True,1.4463337079783276,5.286732977622935
468,True,1.4444871855066133,5.283728842514852
469,True,1.4540642067792822,5.296072982511458
470,True,1.4465510890738047,5.296041068467835
471,True,1.457747442227444,5.297009596046497
472,True,1.439198837016373,5.299030972259868
473,True,1.4367247473114708,5.293042895339775
474,True,1.4484982533566442,5.2961920849995705
475,True,1.4591102029813496,5.2989436890750765
476,True,1.4465608842638493,5.298979728971841
477,True,1.4518397422296991,5.29561680582122
478,True,1.4416933153880753,5.296631497417585
479,True,1.452170288836558,5.288834932572795
480,True,1.4436249991036334,5.296620172236675
481,True,1.4395477482885952,5.297619810847975
482,True,1.449203233692273,5.291081817788222
483,True,1.455805145223133,5.293511517617792
484,True,1.452452562700067,5.296706354214387
485,True,1.4292416339081193,5.296084236819161
486,True,1.4507480274726525,5.302226732617639
487,True,1.436492364873978,5.298870839565597
488,True,1.463967702276879,5.286826091580032
489,True,1.4535239079161755,5.291847951179176
490,True,1.436719282190145,5.309452847274665
491,True,1.4364606866284946,5.289066672420659
492,True,1.4699004557644644,5.300677969925468
493,True,1.4676777404478314,5.28924401874237
494,True,1.4473926531660317,5.290324121173217
495,True,1.4512083092319124,5.305060225147964
496,True,1.4434115876901805,5.294758624141475
497,True,1.458035625166384,5.288991149609843
498,True,1.4410453985336629,5.3047661610638555
499,True,1.44904431285895,5.292196749092102
500,True,1.453029032191898,5.300818812005427
501,True,1.4570141428292158,5.293647832721224
502,True,1.456565059600838,5.285374068650956
503,True,1.4397423774061275,5.296202109369396
504,True,1.4483205215548154,5.285977429815693
505,True,1.4399985313277373,5.300778516654017
506,True,1.4492362788908695,5.287391102217924
507,True,1.4559548760586896,5.302532659709053
508,True,1.4649943669084058,5.293953439134075
509,True,1.459480872732738,5.299572157641889
510,True,1.451950056434935,5.301333430681976
511,True,1.4473242381190357,5.294384305586525
512,True,1.4331232233463334,5.300891634731627
513,True,1.4345075314931846,5.297716148705878
514,True,1.4526658542340674,5.294044632501439
515,True,1.4436691210711439,5.288538790290598
516,True,1.451910587605153,5.300642738323016
517,True,1.4642977326320974,5.2987638746012005
518,True,1.4504448137413204,5.300713150409364
519,True,1.456987857098822,5.295490155923398
520,True,1.4620125435153986,5.292692468602516
521,True,1.4536623897769898,5.296660080308859
522,True,1.4574011602051518,5.2980682222939
523,True,1.4469103081102157,5.28745663498706
524,True,1.4532325962995947,5.290776925931317
525,True,1.4517493754018107,5.2948325096701145
526,True,1.4150146792223506,5.292690899458189
527,True,1.466547225814824,5.294810698430854
528,True,1.4631549445786254,5.304512660167084
529,True,1.4556077921896484,5.29295776113557
530,True,1.4480814315433175,5.288490354065304
531,True,1.4453673359863606,5.297771466019943
532,True,1.4354901011683838,5.298412222406372
533,True,1.447932360064144,5.29617536898981
534,True,1.4495394286491268,5.293451053537805
535,True,1.4452824252523306,5.29824437748912
536,True,1.4362531002445833,5.303746677528359
537,True,1.4671328630103941,5.296367350912904
538,True,1.4506359698612177,5.3051757058660804
539,True,1.4471263259322278,5.297254792253975
540,True,1.4653870419643167,5.2972510238873625
541,True,1.448084628288965,5.296980456793545
542,True,1.461402780855272,5.295672010374878
543,True,1.454216693754814,5.2946497179439405
544,True,1.4577594050314269,5.294754348834063
545,True,1.447002663349865,5.293473184593447
546,True,1.4547993803527655,5.299006028530475
547,True,1.4582623523635978,5.2989667086742545
548,True,1.4531893595024115,5.296568223519016
549,True,1.4552268672137478,5.290791059293336
550,True,1.4596437326405474,5.293300327745207
551,True,1.4465685215458712,5.295806641276799
552,True,1.4512855674207703,5.293176128990583
553,True,1.462682411695031,5.285593796222947
554,True,1.449606678319622,5.303833596829407
555,True,1.4553030528518924,5.302788341522706
556,True,1.4486305717926886,5.298642130227199
557,True,1.4427141864050526,5.2977479717275635
558,True,1.4400216371929875,5.294393967779798
559,True,1.4473969445400536,5.292899853518276
560,True,1.4489153115623499,5.289258985703609
561,True,1.4566793339821775,5.301258167863397
562,True,1.4334223748018236,5.294554883887285
563,True,1.4693150615616775,5.298852688288062
564,True,1.4536121749902606,5.2907177593766885
565,True,1.435131331637973,5.297452881118005
566,True,1.4395211340787724,5.296629455279406
567,True,1.4354218514291675,5.295975208182558
568,True,1.4668886580344103,5.294793796908321
569,True,1.443791106574431,5.28671821175259
570,True,1.4473415062373767,5.29126865603964
571,True,1.4575646748919309,5.28825791395962
572,True,1.4382668871045974,5.2966731539326215
573,True,1.461952592721341,5.288353896304895
574,True,1.4300382930250868,5.2954290884042186
575,True,1.4592505686387565,5.301054939249114
576,True,1.4661234332521178,5.291239240230253
577,True,1.4624212197066977,5.300550952779298
578,True,1.447749272652886,5.288309689910509
579,True,1.4531780514485921,5.301128454875867
580,True,1.4509899876933174,5.288586594157781
581,True,1.4481749436814007,5.307530463296544
582,True,1.441843482853949,5.289355979195433
583,True,1.44271760056476,5.296005324572761
584,True,1.4452578931359923,5.296414719237316
585,True,1.4419539650614144,5.291066219690365
586,True,1.4489718492219221,5.2934163858837655
587,True,1.4287495797691294,5.3026785494301825
588,True,1.4576133944822083,5.28977566231659
589,True,1.4433922129839938,5.29962231607811
590,True,1.4471161458220996,5.297175360800953
591,True,1.4487860663488716,5.292375722038442
592,True,1.451870046483163,5.299601400901274
593,True,1.4324199993673037,5.300697447436852
594,True,1.4433532034884649,5.299992336719382
595,True,1.4525253341095066,5.297030760938346
596,True,1.4633913186054708,5.298943006977226
597,True,1.441385133225366,5.28786045961008
598,True,1.4556617817337985,5.294270685744256
599,True,1.4555560350280157,5.299910214738356
600,True,1.4114645189349335,5.305305391963414
601,True,1.4583024839278802,5.2968666028730755
602,True,1.4484763631694488,5.301063273628478
603,True,1.4408715642086511,5.300800515262244
604,True,1.4586767481510554,5.289603681507117
605,True,1.4387235296733163,5.294092748085508
606,True,1.464520857817034,5.290003979993146
607,True,1.4490389279652165,5.297296069424089
608,True,1.432299612417554,5.29416439604932
609,True,1.4581772658687058,5.300268477424637
610,True,1.4464823927811985,5.293677760011678
611,True,1.4276816973891582,5.285687303184779
612,True,1.4672128896614176,5.305765447373759
613,True,1.46029231187368,5.291740608244129
614,True,1.4572091895808361,5.3010959145058685
615,True,1.4492270075635416,5.2889407057649205
616,True,1.445358206379992,5.289740020088503
617,True,1.4616539892276303,5.293609669091651
618,True,1.4481640811557104,5.295809007369861
619,True,1.4515355665833276,5.297295096035811
620,True,1.4408769087736366,5.2849832952376925
621,True,1.4431328791486264,5.288490084564727
622,True,1.4459125239500785,5.29645746818924
623,True,1.4478972742728726,5.292210765645626
624,True,1.4499454568856023,5.293074404168686
625,True,1.4604927433696435,5.297062143758568
626,True,1.4463269301147212,5.29940590537975
627,True,1.4620942334160567,5.297025261817894
628,True,1.4339698793789148,5.307895875625037
629,True,1.4504191458665652,5.299362126968304
630,True,1.461987038451883,5.289974553217679
631,True,1.473708344249319,5.292354254239496
632,True,1.435149765471029,5.298529958719514
633,True,1.4373668806839397,5.296129333333996
634,True,1.4489493612116622,5.291260159523673
635,True,1.4370411520604354,5.298778725918185
636,True,1.4568908483810665,5.292673177702848
637,True,1.454166044755072,5.290281798821818
638,True,1.4599037225713298,5.299166726319645
639,True,1.4588859438384798,5.29377691702618
640,True,1.4377452500177004,5.290100863765959
641,True,1.4715202532657663,5.291734380588206
642,True,1.4395714685055792,5.295607698526137
643,True,1.4387907830747595,5.291080759918939
644,True,1.4382134241030196,5.29017723492635
645,True,1.4588832484974128,5.291007869163017
646,True,1.4645247197520141,5.2956550873304105
647,True,1.4593594788788091,5.285919359498529
648,True,1.4473020995946189,5.28765017287345
649,True,1.4614061773580291,5.301654752606332
650,True,1.4465909461207451,5.294081201037921
651,True,1.4528793096805317,5.296875782143114
652,True,1.442691308436856,5.287096865849768
653,True,1.4424418397743464,5.296594907550886
654,True,1.4646808213554334,5.301430440060913
655,True,1.4622143548436342,5.289645298807028
656,True,1.4465790913627896,5.297442102987091
657,True,1.442796337546543,5.2944440406366216
658,True,1.4577434087865582,5.28893457195877
659,True,1.4392039349363905,5.2900046348348235
660,True,1.4483393593461087,5.291904614932564
661,True,1.4556848262089497,5.288007246747667
662,True,1.4470439642344595,5.298672695919098
663,True,1.4556736585861092,5.292108790017746
664,True,1.4423273674207282,5.293686854250691
665,True,1.4390331889672088,5.289516538011815
666,True,1.4445869493026893,5.293741385838784
667,True,1.4582047279570474,5.298542454771518
668,True,1.4468922784537344,5.288804906478881
669,True,1.4340725509800893,5.285388479927543
670,True,1.4460798021461345,5.290493483348325
671,True,1.4494745989994962,5.295871490386085
672,True,1.4651450099282735,5.294613966480934
673,True,1.4519165337689217,5.298190603106767
674,True,1.4610416564425066,5.297245814521532
675,True,1.4371962506229725,5.287928253800374
676,True,1.445332491091813,5.299454423430714
677,True,1.4439907126203442,5.288697212083805
678,True,1.461276183450849,5.296014242454022
679,True,1.4433815142824302,5.294312267075405
680,True,1.447744194060457,5.290083437776718
681,True,1.4448069050925936,5.299926831738228
682,True,1.458831369712092,5.291214985914987
683,True,1.4500917209049882,5.303183993168883
684,True,1.4641188014340287,5.292075058885683
685,True,1.4479083649324922,5.298539932690947
686,True,1.4506738016156056,5.291495598131785
687,True,1.4430424270733337,5.293013411996852
688,True,1.470521780216927,5.298614154397617
689,True,1.4600602201272324,5.300750933117556
690,True,1.4655214192025738,5.285547460931777
691,True,1.4645700083594013,5.298796468548826
692,True,1.4336740265513246,5.294831040545935
693,True,1.4294067784840003,5.293564299674065
694,True,1.4697967687365487,5.295930557406819
695,True,1.4659026589719018,5.295253187178685
696,True,1.4539352746003973,5.292562826720899
697,True,1.4457705389157685,5.299038881722221
698,True,1.4411250956096422,5.302741118026287
699,True,1.4474598984303368,5.299563646695831
700,True,1.4550659358988682,5.300972101796558
701,True,1.4316496463949282,5.3028090668124115
702,True,1.4393413429549042,5.287665158849421
703,True,1.4396958033988552,5.2971056801251715
704,True,1.4171917895573987,5.295190243888319
705,True,1.4398166011710927,5.290699956476048
706,True,1.4533359567257043,5.2994978056161335
707,True,1.45574981001904,5.296462835549908
708,True,1.4606126789959293,5.290068883172014
709,True,1.4516048090794005,5.294033680215049
710,True,1.4441411575563732,5.303693524921729
711,True,1.4461424918162649,5.296086168921079
712,True,1.4266494855187286,5.294951034721278
713,True,1.446995422792216,5.284973995360063
714,True,1.4416899392939608,5.298777485389738
715,True,1.4437648190282102,5.294034103278356
716,True,1.4548498840983441,5.293756574446211
717,True,1.465068867518043,5.296711013886965
718,True,1.4564276049726383,5.303927924568062
719,True,1.45499343041397,5.3015971594953015
720,True,1.453573242171171,5.2996598276259155
721,True,1.4372838521391267,5.287738350326851
722,True,1.4699346827715214,5.275961561291181
723,True,1.4524341367503506,5.285153791500259
724,True,1.4342388782109454,5.298103779796041
725,True,1.4484639222322582,5.305148719499865
726,True,1.4503563782555724,5.290289236970569
727,True,1.4586647015512315,5.299199725362669
728,True,1.465733015787967,5.28711323095334
729,True,1.4415560503156413,5.301569814012063
730,True,1.4609066138993425,5.292770195369987
731,True,1.4619050380523388,5.302237064097565
732,True,1.4458397604804127,5.294210966140054
733,True,1.4495097056495658,5.292918209991033
734,True,1.4674616874091801,5.297177398472821
735,True,1.4411981288800304,5.294431980753634
736,True,1.4421002042068043,5.303134567916968
737,True,1.456484193176546,5.285826983993634
738,True,1.4513011217337577,5.293996568485395
739,True,1.4581927506759695,5.293247715205799
740,True,1.4473899495654783,5.298939867361232
741,True,1.455993301075002,5.293269053178933
742,True,1.4399412564272451,5.301269903768474
743,True,1.4443506585099424,5.296345781919246
744,True,1.4547335156079997,5.287259728124669
745,True,1.4484024758709952,5.286282505730414
746,True,1.439669051631446,5.297800736438433
747,True,1.4518457185482248,5.296825537853299
748,True,1.4510175411624708,5.282461660217544
749,True,1.4734003792386245,5.299065859958205
750,True,1.4502346914027107,5.299506469492594
751,True,1.454281802271439,5.288720505243316
752,True,1.4673308217594485,5.292486149795359
753,True,1.458992353290262,5.289350257699213
754,True,1.4342443561160108,5.289496582529968
755,True,1.4537842598463202,5.295284530043685
756,True,1.465455963601908,5.297100850859518
757,True,1.4353602311323113,5.295802314591358
758,True,1.4430099285225086,5.291653616775569
759,True,1.4615507754316401,5.286352945971561
760,True,1.4569581556557452,5.29129656998579
761,True,1.4619873014114555,5.300438451204405
762,True,1.453601629871891,5.2893378004882265
763,True,1.4356570174298708,5.302565684015035
764,True,1.4482984854659304,5.288189480513064
765,True,1.440773516459564,5.292562474061589
766,True,1.449309360761597,5.285786404866339
767,True,1.4414594858937881,5.291039663011413
768,True,1.4395936410928836,5.298752259102504
769,True,1.4544712239020867,5.308137482301929
770,True,1.4400174610715253,5.297949204750494
771,True,1.4427217549450095,5.299429663622656
772,True,1.434903247961843,5.297523374627204
773,True,1.45764909092008,5.295248936983758
774,True,1.447752006213466,5.29358990222881
775,True,1.4451149310613147,5.295658651361841
776,True,1.4422212320710506,5.286054830088285
777,True,1.46563276744272,5.287410072520736
778,True,1.44802145882801,5.3000421020208295
779,True,1.4477583812203172,5.29297294409312
780,True,1.4743365831186563,5.289414093836212
781,True,1.4523625675396454,5.300717409099778
782,True,1.4640297753539289,5.295473976156101
783,True,1.437915592837446,5.288099157254991
784,True,1.4396980291774502,5.297353865758239
785,True,1.4626014986996623,5.294370181799702
786,True,1.4492907386977554,5.291288649753842
787,True,1.4635747388576454,5.295555935391311
788,True,1.4398582314077573,5.292479274489915
789,True,1.4589125935677332,5.291749007801502
790,True,1.4609558492733588,5.2961640517436015
791,True,1.45481131736337,5.296811263225448
792,True,1.4379979679336325,5.299789829132808
793,True,1.4406166920856183,5.297826823743066
794,True,1.4249113560287916,5.292956595988512
795,True,1.4687076812307065,5.294433277795188
796,True,1.4561457109438052,5.2940445522165644
797,True,1.4557372195447438,5.3008052752730315
798,True,1.4440265149814417,5.295577561072844
799,True,1.4402382150947273,5.298564814025404
800,True,1.4317695597852877,5.292747713979305
801,True,1.4322893355933584,5.28627924510444
802,True,1.4325043794811791,5.302573178624057
803,True,1.440620998531564,5.294430826014231
804,True,1.4455702797015013,5.287845601903019
805,True,1.4348069964165469,5.2930843546080215
806,True,1.4487831166852445,5.289953420652102
807,True,1.4419420908501372,5.282152738579423
808,True,1.4458584312866152,5.295853451303986
809,True,1.4682045529859065,5.284536155821041
810,True,1.4520618138429686,5.299476434958504
811,True,1.4599275884221707,5.282273226389402
812,True,1.4465984382489974,5.29569428746106
813,True,1.4721351563744733,5.29853771396366
814,True,1.4381668855967644,5.297726358289346
815,True,1.4508476080459376,5.296114707516706
816,True,1.4417668150559502,5.288556434666802
817,True,1.4493783802250728,5.299986108966417
818,True,1.450302420841046,5.300956299577362
819,True,1.4525204682823807,5.28852385971077
820,True,1.459092655500088,5.290007937230509
821,True,1.445719850969593,5.302907794393587
822,True,1.4375912163966995,5.290898215668988
823,True,1.4570342029770793,5.295641761373269
824,True,1.4621374952271757,5.3022629914767565
825,True,1.4487712064473723,5.2859031771486436
826,True,1.4574733274755554,5.2915315564224334
827,True,1.4674896375748068,5.302124371673578
828,True,1.4344433155705925,5.292804454759555
829,True,1.4491405727027258,5.298434997391741
830,True,1.4619734584309796,5.286581600691437
831,True,1.4448184015089571,5.296248764351982
832,True,1.4530543810974144,5.30222677747969
833,True,1.4562950212448111,5.294641395047682
834,True,1.43868688843713,5.2956315342380265
835,True,1.4390201339179236,5.290900252547147
836,True,1.4708452485646815,5.29294339805239
837,True,1.4409219643940352,5.291022127321645
838,True,1.4574720505003556,5.2985142997479215
839,True,1.4504256896941135,5.292801348347203
840,True,1.458214620627346,5.288308785664706
841,True,1.450809057685405,5.299949387727997
842,True,1.433550373499151,5.288163293663591
843,True,1.4438911200404068,5.290953848502222
844,True,1.4571025880186872,5.297689500886726
845,True,1.445443298747538,5.290563934821897
846,True,1.4528271388330745,5.299453903639261
847,True,1.4621037639646943,5.290623883620254
848,True,1.4574601225957076,5.2915193727329655
849,True,1.4439155389140148,5.287828787618548
850,True,1.4506126589468096,5.3005882722504385
851,True,1.447539419028338,5.299430637464349
852,True,1.4405045476270615,5.285268330591688
853,True,1.444044803286704,5.294010506654502
854,True,1.443405058882638,5.300871834040445
855,True,1.4588560780512174,5.2822999580274885
856,True,1.4373302212726744,5.3010673529325185
857,True,1.4872947849691758,5.2940295301414135
858,True,1.4556638645769697,5.297383665308633
859,True,1.45569367201921,5.296747534576855
860,True,1.4453274339893267,5.298971223491929
861,True,1.4576128969741124,5.290500029649459
862,True,1.4367593657025264,5.305808468556012
863,True,1.4474440531702093,5.29334236911592
864,True,1.431597401343688,5.295529061472545
865,True,1.4631514207493443,5.291143238634606
866,True,1.4491668490645249,5.2919876412911675
867,True,1.433071131318554,5.297975778968743
868,True,1.43686035862411,5.292394592476095
869,True,1.4470858563811513,5.303158472367733
870,True,1.4488194035883672,5.296933941279758
871,True,1.473886017148653,5.295997466243815
872,True,1.4326300078402598,5.292812037686241
873,True,1.4717376218111375,5.297843550461687
874,True,1.4463327002119926,5.3015715698206
875,True,1.446509818817685,5.294834936340643
876,True,1.4541923240782966,5.297590464557207
877,True,1.4632768117086805,5.293731914192789
878,True,1.4507429894153965,5.300540146223243
879,True,1.4238081896711476,5.293676371227231
880,True,1.4465160347422814,5.293163018522296
881,True,1.4380026857701032,5.294708543362948
882,True,1.4348757144385955,5.293837237513923
883,True,1.424605867185062,5.294608343929626
884,True,1.4360887148704353,5.290469633393688
885,True,1.4313842275732576,5.3019702564701845
886,True,1.4625610525011894,5.291325958823538
887,True,1.4443673156891856,5.295899771796988
888,True,1.4455179722039961,5.306314451921664
889,True,1.4469988432106233,5.296550133409802
890,True,1.4655802685523363,5.293788109231213
891,True,1.4620345770410856,5.300538555352205
892,True,1.4483601420022396,5.298667226145254
893,True,1.4324892573785677,5.298505955995935
894,True,1.4238083911025512,5.3002637043436
895,True,1.4533407177542725,5.291710226523808
896,True,1.4690868921095377,5.298459913902873
897,True,1.4627126419355363,5.301671084564677
898,True,1.4573743915793402,5.293777012925682
899,True,1.4632706094056835,5.284686338004087
900,True,1.431496541258341,5.291954891066797
901,True,1.4428301967102588,5.295346892080858
902,True,1.4569785550542016,5.288062482607013
903,True,1.4591928704905774,5.299650294308568
904,True,1.4535316561799132,5.2914856789070885
905,True,1.447696344663369,5.299456349402006
906,True,1.4607491260103314,5.29017658634912
907,True,1.4378380472631465,5.29759471505584
908,True,1.4404880630457957,5.304883703909987
909,True,1.433541424418128,5.299512648046846
910,True,1.453609200703571,5.283264317689232
911,True,1.4701246475911514,5.289944225069096
912,True,1.44881000414007,5.301615168723301
913,True,1.4700459477972656,5.2908774716050795
914,True,1.4736481345171275,5.294217565534497
915,True,1.4483644710447745,5.299028461736365
916,True,1.4502684613129555,5.2963641894622535
917,True,1.4412749454135712,5.290534889722855
918,True,1.4564524462848707,5.298047494962497
919,True,1.4587579431774322,5.290705476353437
920,True,1.4414435960669856,5.29430502370388
921,True,1.4442512348989673,5.295442901684916
922,True,1.4491397235153758,5.303654982792235
923,True,1.4280253689916418,5.294910091857624
924,True,1.465915537437393,5.30597428262486
925,True,1.4353827100978187,5.29338509122137
926,True,1.4450931828294498,5.303287698453066
927,True,1.456917546946449,5.2970634915372505
928,True,1.455582711280573,5.2932014800862595
929,True,1.4340798040605653,5.290461599652244
930,True,1.457644976801588,5.295032278117674
931,True,1.4539219889329946,5.291235778686955
932,True,1.4381912063960611,5.298603506323334
933,True,1.436781396754675,5.290027260298064
934,True,1.453379306588152,5.287434864316124
935,True,1.4711809074924307,5.29330811533328
936,True,1.4237737214464354,5.2922541270762204
937,True,1.4670369803064398,5.294105491975136
938,True,1.4549966690845706,5.2913584423925
939,True,1.4412992131444944,5.304333182903823
940,True,1.4334996567936111,5.283178899568135
941,True,1.463955540040898,5.2979814710383675
942,True,1.4600319530379278,5.301885451801825
943,True,1.4479233405119858,5.289000706401768
944,True,1.4403555540210973,5.293879236360117
945,True,1.4420970631493482,5.297785257427962
946,True,1.4582974678369187,5.303162916940001
947,True,1.435203432833823,5.309525594136769
948,True,1.4472375215998903,5.292392127553177
949,True,1.4542684024625705,5.297937674401136
950,True,1.43857604525223,5.285987868173705
951,True,1.444347057753101,5.304166827720338
952,True,1.4496983510437311,5.298611811721682
953,True,1.4384136157216938,5.2960072698998815
954,True,1.4404385812992133,5.3007750246183996
955,True,1.4520222667491007,5.289031524297576
956,True,1.4538939451004667,5.289965555022902
957,True,1.4575183933146703,5.3054946424435885
958,True,1.4560681050647368,5.299074840572501
959,True,1.4403012464128,5.286281349958875
960,True,1.4641513016453145,5.287643681402187
961,True,1.4567862837611933,5.301770040431854
962,True,1.4236037154663213,5.290877734024738
963,True,1.4430002823574855,5.299290843023027
964,True,1.4590224653426502,5.300624652441116
965,True,1.4335788791439505,5.294560604211981
966,True,1.4386629010595116,5.3010543883138075
967,True,1.4547545402144195,5.291167120102175
968,True,1.4433608451328477,5.2956041369440845
969,True,1.440260528294541,5.294546822701072
970,True,1.4527457300096578,5.301926092832813
971,True,1.4767974204120904,5.29972603714539
972,True,1.4541923487279258,5.288077728535731
973,True,1.444548521727628,5.306637959944701
974,True,1.4447467547763273,5.297843009860942
975,True,1.4618998129351561,5.295501587890465
976,True,1.460102740943247,5.299129706032994
977,True,1.4504859251396633,5.295949677318036
978,True,1.4579352898236426,5.29898138664727
979,True,1.4451694012808427,5.29391645414496
980,True,1.423270910999265,5.295104234801031
981,True,1.456546877621378,5.295910894952433
982,True,1.421933759630146,5.288471325747534
983,True,1.4435290939863317,5.292270286201074
984,True,1.4350730511129957,5.291865315598212
985,True,1.4680981099474857,5.297979706965956
986,True,1.449229919246262,5.297611517783901
987,True,1.4369070866631073,5.284078119659335
988,True,1.4233777534278544,5.295154212024643
989,True,1.4650135299814122,5.299614021597348
990,True,1.455436203646215,5.288834524835882
991,True,1.457190224556239,5.298904991356422
992,True,1.439520214610112,5.2944116968006805
993,True,1.458797138798571,5.290714019168906
994,True,1.434914327573072,5.2954445050591685
995,True,1.4629913901566194,5.30416214860879
996,True,1.4590789484201212,5.297639617417657
997,True,1.4527314762994568,5.29264531815403
998,True,1.434333484773564,5.297792446680669
999,True,1.4526559652080901,5.290937144877539
1000,True,1.4477248710583555,5.293887571359358
1001,True,1.445899768122042,5.291416330571409
1002,True,1.455954262104636,5.296111248032445
1003,True,1.4746738096677476,5.292411293499252
1004,True,1.4479769551111024,5.294844506086112
1005,True,1.4469641755623024,5.299522523960772
1006,True,1.4491346693852185,5.2930376389508185
1007,True,1.4508343759435742,5.2978336072340735
1008,True,1.4644511411262244,5.297853429600005
1009,True,1.4592337009327407,5.290753777858881
1010,True,1.4603566205806597,5.292890483430353
1011,True,1.4431966002048482,5.304045550789141
1012,True,1.452793934419946,5.290991584677374
1013,True,1.4488481293372464,5.30007908052075
1014,True,1.4598845622584895,5.2912422787472115
1015,True,1.4393106097870794,5.2894818284101826
1016,True,1.4427524960048541,5.295162905646789
1017,True,1.4525986577422956,5.307033928250461
1018,True,1.4475122328888552,5.296326294562064
1019,True,1.4617159628346719,5.29793580553297
1020,True,1.4539312197023035,5.283954464550642
1021,True,1.4656777822815201,5.294269406590709
1022,True,1.4587626715414872,5.29476605822503
1023,True,1.4641619872975578,5.297130203164753
1024,True,1.4636503257035685,5.293767655228104
1025,True,1.4511340142105602,5.2988603649577355
1026,True,1.4445364851908165,5.298616226527168
1027,True,1.4500076374394522,5.290513447083909
1028,True,1.4548570593587733,5.297837527641129
1029,True,1.4397838801340674,5.299879226493885
1030,True,1.441504133966329,5.289071880154894
1031,True,1.4537698530045717,5.290743673148702
1032,True,1.457339142271041,5.296724188259709
1033,True,1.4369115829417973,5.289767406034541
1034,True,1.4287272404598081,5.287754114879199
1035,True,1.4480550101914442,5.293552382197322
1036,True,1.4307512589833316,5.290626877323965
1037,True,1.4410702533555237,5.289400016895408
1038,True,1.4287038415728803,5.294087144372727
1039,True,1.4449958530487015,5.29916734965203
1040,True,1.4472590634746814,5.299859268834234
1041,True,1.4424848560908634,5.2917541461060384
1042,True,1.4633065881676017,5.2981679288088
1043,True,1.4337764588567388,5.288636353473754
1044,True,1.4618812772239453,5.294324083966089
1045,True,1.4465864109097855,5.2917559596952515
1046,True,1.463167465817403,5.2989392382277
1047,True,1.4523760319627002,5.2966283724276
1048,True,1.445706074220583,5.2957069538262695
1049,True,1.4380769979091848,5.300451444899289
1050,True,1.4444492117705776,5.304474905004154
1051,True,1.4515810170863768,5.294041910778583
1052,True,1.4519995941990422,5.294596548990116
1053,True,1.4634861240705126,5.2957178907445455
1054,True,1.44411798907929,5.291093050417223
1055,True,1.4566807547451024,5.2896103174591
1056,True,1.4453910031917112,5.294082949832653
1057,True,1.4438665928667591,5.30060840007138
1058,True,1.4403929920777918,5.287209045791181
1059,True,1.442154005657397,5.2919770556382115
1060,True,1.453076115155226,5.2933532057532
1061,True,1.463844899218555,5.29044731682747
1062,True,1.4353019401496747,5.284776393520975
1063,True,1.4556316861109555,5.304727033734308
1064,True,1.4505147245027972,5.292734932801839
1065,True,1.4514797247979618,5.298808474056402
1066,True,1.4404743134878981,5.300470577241701
1067,True,1.4587468555940668,5.291653216781312
1068,True,1.4508413579255899,5.288083537625872
1069,True,1.4462323308024172,5.298314663449401
1070,True,1.4625426047738252,5.291967077604252
1071,True,1.443343639505048,5.289464163634435
1072,True,1.461297461454022,5.298826292803344
1073,True,1.4203156552239147,5.29778000040239
1074,True,1.4466985926716378,5.298812841478259
1075,True,1.443061486819144,5.296575994752436
1076,True,1.4375716152200524,5.2840025644677695
1077,True,1.434124035673717,5.297091462212893
1078,True,1.4579740771499865,5.303756927825043
1079,True,1.4559836237840793,5.287302993104174
1080,True,1.4456718456325641,5.291944036272648
1081,True,1.4426393315716615,5.291490210870232
1082,True,1.4652787904801379,5.293620971082904
1083,True,1.4686993030098985,5.290748393895657
1084,True,1.4331759672219477,5.302652731555475
1085,True,1.4345241389804098,5.293893258217012
1086,True,1.4549642244369803,5.290226505650858
1087,True,1.4468719130078005,5.286634464747301
1088,True,1.4589909147143807,5.290066871761684
1089,True,1.4412104487498587,5.302439482162481
1090,True,1.4391192685637832,5.298915335535244
1091,True,1.4376465078614002,5.289274881550966
1092,True,1.4437751359661526,5.303792862017812
1093,True,1.4598439491959163,5.299348571501211
1094,True,1.445095817642924,5.293480853676476
1095,True,1.433781576457551,5.298997456579207
1096,True,1.443630322094839,5.298763589666814
1097,True,1.4482317756853949,5.286123441112196
1098,True,1.462251552381043,5.296907532628363
1099,True,1.4738412015690578,5.30020206298613
1100,True,1.4664137367384142,5.292790042966482
1101,True,1.4523791277968372,5.285218324469272
1102,True,1.4423943251443572,5.281712845495262
1103,True,1.446849599556546,5.298437244365749
1104,True,1.441135794134458,5.301121581834216
1105,True,1.4467285026603882,5.299910160037692
1106,True,1.4490085439536484,5.2962301919654795
1107,True,1.443843256731631,5.2997534814101
1108,True,1.438376438761258,5.299726172640433
1109,True,1.439523705150052,5.2970008145436305
1110,True,1.461314881636736,5.285696957195764
1111,True,1.4457771697455906,5.28773450844206
1112,True,1.462945282040189,5.304721001271438
1113,True,1.4776906043291616,5.283934622958215
1114,True,1.4572771279833303,5.295925310582369
1115,True,1.4471647909677765,5.298761844346706
1116,True,1.4467392172376239,5.303490644809949
1117,True,1.4442141674276245,5.288134792461894
1118,True,1.4411515215223374,5.297082921707259
1119,True,1.431033145736934,5.29253391602565
1120,True,1.4504239390608322,5.296382782052854
1121,True,1.4700822762532935,5.2990807888256155
1122,True,1.4486919125477253,5.297305609058326
1123,True,1.4590391950839705,5.301230789604795
1124,True,1.4417776837845186,5.296429280194809
1125,True,1.4614513974338414,5.299684532351173
1126,True,1.4213006578409644,5.296742290916347
1127,True,1.4543840678433506,5.303005580470186
1128,True,1.4349562206812416,5.291885082158348
1129,True,1.4542427961812188,5.299068717200986
1130,True,1.4278520351057578,5.306892009769931
1131,True,1.4631758614731547,5.290459379682508
1132,True,1.4544982127749917,5.295798918885211
1133,True,1.4701150907454559,5.29039088685022
1134,True,1.4466041516773886,5.287976062774258
1135,True,1.4460239034177185,5.292057159516067
1136,True,1.452697503824012,5.291418840466107
1137,True,1.4462097219106147,5.288090075907154
1138,True,1.4549654185140388,5.292668417006356
1139,True,1.442687688720331,5.291503404674837
1140,True,1.431423575463763,5.296944134948524
1141,True,1.4536613435186412,5.294706469257561
1142,True,1.437945915732364,5.301316226142924
1143,True,1.4479223562559806,5.299281506532394
1144,True,1.4378977671824105,5.295136597359128
1145,True,1.432724628671769,5.311357262620369
1146,True,1.4416525736856889,5.292600427450761
1147,True,1.4417759241966446,5.295372745194252
1148,True,1.463086361387795,5.290807803784505
1149,True,1.4636366101857958,5.296218040657068
1150,True,1.449806130677952,5.286970289390064
1151,True,1.4226416180648,5.301146152120528
1152,True,1.4514976070326955,5.308607103145851
1153,True,1.4366377791311145,5.295942060497697
1154,True,1.4387191661143706,5.2977741271326595
1155,True,1.4351596382409995,5.282888131912016
1156,True,1.444200840717679,5.290924244016302
1157,True,1.440547594433087,5.291622351988703
1158,True,1.4421160221384053,5.292641926590145
1159,True,1.4579596087171074,5.293491740895638
1160,True,1.4586278601637455,5.297658312463023
1161,True,1.4667704130508485,5.290250119928769
1162,True,1.4502602898641812,5.29958205848494
1163,True,1.4500011406162143,5.301737035010261
1164,True,1.440278304175224,5.301738212364082
1165,True,1.45081528234158,5.293635421333056
1166,True,1.4487738464959752,5.295507586185674
1167,True,1.4482565551788458,5.302346400586162
1168,True,1.4338666648238687,5.288790010789759
1169,True,1.4581974312567192,5.290120612724721
1170,True,1.462438129842544,5.293188546567183
1171,True,1.4507478258730935,5.292389480725704
1172,True,1.4512862711109351,5.301198316445876
1173,True,1.4589026292292808,5.303769730347026
1174,True,1.446170183923099,5.291828556495458
1175,True,1.4547564969769744,5.293165305995642
1176,True,1.4571775287154638,5.2973502892162365
1177,True,1.4470422439609374,5.286960750058178
1178,True,1.438723236595632,5.299760166769808
1179,True,1.401979207813953,5.2848971465595085
1180,True,1.4386430449809189,5.297414372609904
1181,True,1.4428032714101318,5.290179745073861
1182,True,1.4463821988235501,5.292710371813758
1183,True,1.4618525665146687,5.293841369539807
1184,True,1.448907919189627,5.292732979465711
1185,True,1.4575097236408512,5.295708320811958
1186,True,1.4676043476099878,5.292006567067093
1187,True,1.4423879615404778,5.288893558673985
1188,True,1.4614024989477934,5.303147804506913
1189,True,1.4282676364751987,5.280585026198222
1190,True,1.436146510832985,5.293218458885762
1191,True,1.449536400325471,5.293061958156245
1192,True,1.4562701509725056,5.292448467357039
1193,True,1.4333125438097536,5.294631360274096
1194,True,1.4553570527597945,5.306755569430507
1195,True,1.4437991890629474,5.302048102997231
1196,True,1.445212255639042,5.287206439734572
1197,True,1.4522126394472064,5.29137044438503
1198,True,1.467610653814201,5.287099678122898
1199,True,1.428745241356482,5.301288497185329
1200,True,1.4336479534042643,5.289818454820475
1201,True,1.4421081379988998,5.29608137290557
1202,True,1.448271165946534,5.284607227818051
1203,True,1.4322961892312882,5.287797529518701
1204,True,1.4645086109991896,5.299743616332986
1205,True,1.4379364365717062,5.2886772368122426
1206,True,1.449970533979327,5.292933048421678
1207,True,1.4653638026750337,5.290523808891224
1208,True,1.4500024929153739,5.299402150810576
1209,True,1.44433438118199,5.295072742477638
1210,True,1.4433137492698223,5.290677862239367
1211,True,1.463239787105117,5.297592254227483
1212,True,1.4478023462813097,5.299512939533298
1213,True,1.4468077411593467,5.285320763128321
1214,True,1.4500686833784315,5.295426908997954
1215,True,1.4543728941122505,5.285880588863867
1216,True,1.4446423831572683,5.289839661276645
1217,True,1.4394444515066402,5.2892149301196145
1218,True,1.441799311491953,5.294915445672596
1219,True,1.4619432008116855,5.288914745700054
1220,True,1.4597042491437733,5.297890243184871
1221,True,1.4558044033211717,5.289966950788941
1222,True,1.4441906633892174,5.298941582120907
1223,True,1.4487015381411361,5.291923087852723
1224,True,1.455497319244408,5.291148300798177
1225,True,1.4588768711295768,5.292964680803233
1226,True,1.4494504012651768,5.300080801233747
1227,True,1.4572515556259913,5.299658308325343
1228,True,1.4647967456823785,5.3013893467388735
1229,True,1.459048355273756,5.299605765117573
1230,True,1.4464234923815853,5.2901852002102645
1231,True,1.4585525295054618,5.299194137975971
1232,True,1.4374870327386706,5.3005574105611695
1233,True,1.441136124423811,5.296720996245073
1234,True,1.4454987988177832,5.30010677359827
1235,True,1.4340629410296122,5.299121044870506
1236,True,1.4655818405839776,5.297072187151709
1237,True,1.445741814688333,5.299056904970101
1238,True,1.4557082709514064,5.29814659082877
1239,True,1.4563934234310485,5.296299270783177
1240,True,1.4343394387422226,5.29818932487819
1241,True,1.4407289589003418,5.2845400830724305
1242,True,1.4464950779475816,5.297400947325175
1243,True,1.455369686283144,5.288788437715483
1244,True,1.4575507638129943,5.289836577684658
1245,True,1.4640750257753365,5.3008539748413455
1246,True,1.4583888065868809,5.29415052179061
1247,True,1.4560824399206866,5.301207061883961
1248,True,1.439151530773375,5.295074683106436
1249,True,1.4670689504163867,5.291114861133946
1250,True,1.481098256734366,5.30000031823538
1251,True,1.4680761808301226,5.28854549395136
1252,True,1.4465736086982877,5.287988429285639
1253,True,1.4585562431338621,5.2968864619884135
1254,True,1.4502781293362432,5.292053751988371
1255,True,1.446533092303838,5.29633291357128
1256,True,1.4570687652401157,5.286385098957545
1257,True,1.4422407429968773,5.301359564822849
1258,True,1.453433472739568,5.287471097027577
1259,True,1.458636934594458,5.289658426377136
1260,True,1.4416542196680504,5.294972791257849
1261,True,1.4616664418501413,5.2886485844324245
1262,True,1.4501465096092847,5.301703760864649
1263,True,1.4484664850224052,5.295082199732803
1264,True,1.4632709517408398,5.303878986225748
1265,True,1.4632184856626933,5.29683080132105
1266,True,1.4750682787490637,5.280974227816614
1267,True,1.4609246611939048,5.300320317638362
1268,True,1.4567969888669343,5.2975458084797316
1269,True,1.4552720749220802,5.29662035099302
1270,True,1.4314865933808052,5.299713365033831
1271,True,1.4450423525375735,5.305481247773597
1272,True,1.433731291858798,5.290982821685539
1273,True,1.4614136184763094,5.292282823357655
1274,True,1.4502747487580923,5.279508036808635
1275,True,1.452286140682479,5.288184047751112
1276,True,1.434091075637865,5.299227698375317
1277,True,1.4396277051435429,5.293220408701008
1278,True,1.436304558281304,5.288111046303321
1279,True,1.4621866555348613,5.301995518414419
1280,True,1.4334082419570673,5.293411775316223
1281,True,1.4303894486020718,5.2948796040816495
1282,True,1.4735748714337018,5.28961850943964
1283,True,1.4271445872109991,5.28335529768174
1284,True,1.4427562109931695,5.297887818277386
1285,True,1.435343628203936,5.296200316093295
1286,True,1.4467040595940863,5.294875372972133
1287,True,1.420298949096672,5.287649527462298
1288,True,1.452436961384709,5.28163937484301
1289,True,1.457432659676986,5.289780388222173
1290,True,1.4406376932779914,5.298354113275063
1291,True,1.450302904900897,5.299324538251752
1292,True,1.4553249523921459,5.294548705092509
1293,True,1.4573002747239985,5.293586753067136
1294,True,1.4497570305848677,5.2963447537779045
1295,True,1.468179414756333,5.28874011320469
1296,True,1.4578544681420917,5.294555486479058
1297,True,1.4576881991157993,5.29558429721949
1298,True,1.4427332185410933,5.295843666403994
1299,True,1.4674497648710776,5.294613472182991
1300,True,1.454663701322353,5.296475497303579
1301,True,1.44910570472171,5.293445644630962
1302,True,1.4491912380062235,5.293583047722066
1303,True,1.437476869313234,5.291823179685758
1304,True,1.4517420343106808,5.2909103322425395
1305,True,1.44522144352882,5.291676610782603
1306,True,1.4345280311419983,5.2980772064693324
1307,True,1.4632278139664785,5.284338733894057
1308,True,1.4454704753639316,5.298288129291136
1309,True,1.4325371339525337,5.2939691457974885
1310,True,1.4511061338186233,5.287334223498952
1311,True,1.4484031900460634,5.295931897061117
1312,True,1.454613439748229,5.307212132543288
1313,True,1.4405006699757779,5.29438014712712
1314,True,1.4461600737456384,5.296397373181924
1315,True,1.4401258306227305,5.290279278047149
1316,True,1.4553067668864998,5.292359193197332
1317,True,1.463125896582717,5.302818366108224
1318,True,1.4450000254133384,5.287743289910608
1319,True,1.4483984394076796,5.2883335759840655
1320,True,1.4424917344900094,5.2942861535512264
1321,True,1.4526774764696555,5.293506963709033
1322,True,1.4361500470153847,5.2994897546696595
1323,True,1.4620738132227211,5.290087978280358
1324,True,1.4405087328735495,5.290019392669688
1325,True,1.4497689858444385,5.302352180535182
1326,True,1.4555911267374322,5.298024156975105
1327,True,1.4385844923327689,5.292587686380337
1328,True,1.435971222214143,5.298977233918545
1329,True,1.4603003167934425,5.289950470240628
1330,True,1.4597957577275298,5.299302645746227
1331,True,1.4324617756897586,5.288958186188646
1332,True,1.4519405465539832,5.290416065049336
1333,True,1.4392429480310573,5.291573117569218
1334,True,1.4579519210166336,5.291754269108897
1335,True,1.458425206890087,5.293926586972345
1336,True,1.4301483892115607,5.293458343930741
1337,True,1.4358727316041047,5.295399121517498
1338,True,1.4690670930062828,5.289587229854218
1339,True,1.447240705602244,5.302907464022215
1340,True,1.4547983858161857,5.293375581547696
1341,True,1.463865882964938,5.2960235025502715
1342,True,1.4644228316300076,5.29615588568764
1343,True,1.4489029856901592,5.296226109239649
1344,True,1.441400395926506,5.293698063698877
1345,True,1.4541898667807067,5.282304313587169
1346,True,1.459926130053312,5.28963782155051
1347,True,1.4488684509567862,5.295331177396949
1348,True,1.4602085304450834,5.296715600921501
1349,True,1.4463334917308064,5.296985855274335
1350,True,1.4339434189544722,5.299797067977441
1351,True,1.4523193527294318,5.287202954203437
1352,True,1.4523702462416213,5.297592470396329
1353,True,1.442883767564944,5.296434660733629
1354,True,1.43944766437244,5.2951400988874315
1355,True,1.4601346789858207,5.290110506852975
1356,True,1.4507385557626848,5.298079417667152
1357,True,1.47866194394889,5.292542394965055
1358,True,1.4626193727734562,5.294624721345076
1359,True,1.461353192686004,5.291179056006215
1360,True,1.4358995291075474,5.2934003021997835
1361,True,1.4435633135255146,5.298207264024467
1362,True,1.4456690710570652,5.290889997767528
1363,True,1.45486307525643,5.293118645672543
1364,True,1.4687254990717207,5.298948273921088
1365,True,1.433670432845496,5.296125644764314
1366,True,1.4557954625376852,5.287754190670399
1367,True,1.4504249597047327,5.2967206634432475
1368,True,1.4388851104790763,5.2959826257650535
1369,True,1.4425672997339303,5.299320921418305
1370,True,1.4489549787092797,5.310288206923152
1371,True,1.4203766969324092,5.289381271671198
1372,True,1.4400191993296907,5.288667516644325
1373,True,1.4459169143652442,5.28843836327849
1374,True,1.4539959878559616,5.294498486261699
1375,True,1.4402296072394718,5.2887432169610795
1376,True,1.4644669002791497,5.2970656193721455
1377,True,1.4307506911629686,5.293658953050782
1378,True,1.4609605629757294,5.298880987009563
1379,True,1.4562697418683141,5.301099584597693
1380,True,1.451724165420043,5.29637602479491
1381,True,1.4535045270180553,5.29225909581721
1382,True,1.453972006401342,5.299972828659281
1383,True,1.47579176011991,5.300008532453391
1384,True,1.4443690741114377,5.2932018212167335
1385,True,1.4396186236084494,5.293477941752531
1386,True,1.4669660351658849,5.306059587257547
1387,True,1.4319987699520123,5.285769430501151
1388,True,1.4557404877867015,5.293237581992738
1389,True,1.4458183059899494,5.30074193720345
1390,True,1.454268012010081,5.294309942192244
1391,True,1.4318993093598829,5.292134001298595
1392,True,1.4452320968439725,5.291115229454102
1393,True,1.4387948075554948,5.291798384790547
1394,True,1.4515950883728275,5.2972662005997675
1395,True,1.4480230315999116,5.291742228625286
1396,True,1.4473428389144822,5.303453883883939
1397,True,1.4582203527507902,5.297015552898942
1398,True,1.452320789698881,5.292531734229971
1399,True,1.4505503024528759,5.299060002691509
1400,True,1.454772846555164,5.29687625933806
1401,True,1.4435542806102664,5.294244908756394
1402,True,1.452630276022305,5.295307607977247
1403,True,1.4502030114850006,5.296189089551001
1404,True,1.4365365407938924,5.290782939265609
1405,True,1.4303520325434993,5.301734759229012
1406,True,1.4444488467639411,5.298627542826543
1407,True,1.451644891290785,5.292138087089299
1408,True,1.4462292520217603,5.294798937572541
1409,True,1.4494402250967329,5.291921521788881
1410,True,1.443905112060399,5.295268201053967
1411,True,1.456626829516849,5.298711456526877
1412,True,1.4633800154370178,5.292655717105617
1413,True,1.4481465880868505,5.292292461950989
1414,True,1.4763772829676656,5.286057276318512
1415,True,1.4322977957367857,5.307407078339619
1416,True,1.466566966063149,5.303410968253724
1417,True,1.452165933723678,5.3017593894467065
1418,True,1.4586558632013873,5.293891491014619
1419,True,1.4492336019315772,5.290758990173566
1420,True,1.44732348578751,5.295469745098809
1421,True,1.4656610391241682,5.301691753375153
1422,True,1.4511536419869369,5.2974713301056084
1423,True,1.458760816629495,5.289873935270643
1424,True,1.4446755377873455,5.286130985719002
1425,True,1.46383726402569,5.28774095368065
1426,True,1.4580941700250454,5.297892010234008
1427,True,1.4464316512543915,5.2968055656109
1428,True,1.4445503095686072,5.2960004463659756
1429,True,1.448234345297585,5.297119609135166
1430,True,1.455791205107321,5.296182822885922
1431,True,1.4550329852215496,5.296925131556012
1432,True,1.4445439921901058,5.289212895225534
1433,True,1.4475983326244766,5.297426435001026
1434,True,1.4467944711018113,5.303035420329801
1435,True,1.4507878305825923,5.302384113095615
1436,True,1.4403033337853401,5.298551893777855
1437,True,1.4487871674236388,5.288156412643233
1438,True,1.4500102392280934,5.286946563055341
1439,True,1.448584885833574,5.301579350228961
1440,True,1.4500671978841027,5.292580499155897
1441,True,1.4539775349732689,5.293849520791226
1442,True,1.4312924826461901,5.29129352589216
1443,True,1.444988557470436,5.293635553319569
1444,True,1.4444558647819832,5.295497000275424
1445,True,1.432959612690129,5.305091538047599
1446,True,1.4364532846665632,5.293784091274709
1447,True,1.4404112107781335,5.2928247278980525
1448,True,1.4457853137958978,5.303555347715571
1449,True,1.456662871566245,5.295764990078204
1450,True,1.4508680143229276,5.2879100957882725
1451,True,1.4457840385474559,5.300090120326472
1452,True,1.4602434277066818,5.283514945218119
1453,True,1.438462733305297,5.2924114642218845
1454,True,1.4662760386255638,5.3068797429239405
1455,True,1.4401738129135402,5.300651041026892
1456,True,1.4288987862569518,5.307473688984719
1457,True,1.4607673234787732,5.3013835284877
1458,True,1.4648852041065055,5.2910972547700705
1459,True,1.440024612721548,5.297691282004995
1460,True,1.4510283248486484,5.297652537708084
1461,True,1.4420714510441113,5.296294289630666
1462,True,1.4337842727470218,5.301282718444585
1463,True,1.44704275634773,5.279387319119237
1464,True,1.4486162705943917,5.297339880792798
1465,True,1.4379288154601886,5.300395776467681
1466,True,1.442483746404456,5.287453637604906
1467,True,1.4421636783821827,5.296712240661951
1468,True,1.4542971713737638,5.298584388048251
1469,True,1.4525951874512963,5.29582741382402
1470,True,1.4380885102149326,5.2926214171865045
1471,True,1.4617135026379542,5.291503905847585
1472,True,1.4432829857663956,5.296346509834863
1473,True,1.4487455852937499,5.291139244126166
1474,True,1.4338900242299206,5.285987314993715
1475,True,1.4609964734598198,5.298021806610103
1476,True,1.4679175685520278,5.29839436567336
1477,True,1.4553284283257488,5.303374879565415
1478,True,1.4371154391535719,5.299428617724517
1479,True,1.4634527166462412,5.294667178983716
1480,True,1.4317738977154388,5.285880959280235
1481,True,1.4442039513169143,5.297953741265864
1482,True,1.4493596988993807,5.28659248089229
1483,True,1.4332509579386208,5.296294962136464
1484,True,1.4631140734280192,5.300629558903142
1485,True,1.4278474061372015,5.298347721355112
1486,True,1.4450767259450734,5.283926387874775
1487,True,1.4550979559647257,5.299709463766337
1488,True,1.477256099683753,5.300375978807896
1489,True,1.4520371030408,5.3012000530850685
1490,True,1.4300334897008824,5.299000078171434
1491,True,1.4518587206195406,5.295972758072098
1492,True,1.4267555724990892,5.288486126186482
1493,True,1.4527765083917146,5.290098164408033
1494,True,1.4664113665198841,5.298643619724292
1495,True,1.43651451598605,5.2943369804689
1496,True,1.4656127543854098,5.292529527382859
1497,True,1.4444950494542879,5.295319607585748
1498,True,1.4427009579789722,5.295229112413666
1499,True,1.433951822547504,5.297523356006905
1500,True,1.456885771429094,5.294236131142003
1501,True,1.434816190763935,5.305113047952329
1502,True,1.457689410205116,5.298595305831655
1503,True,1.445875911616446,5.2918618946886
1504,True,1.433207572064556,5.29717500470424
1505,True,1.4496557759837259,5.301680532774685
1506,True,1.466927264255042,5.292864906434561
1507,True,1.4450838624939368,5.287525499216883
1508,True,1.4418960017560911,5.297091125882702
1509,True,1.4419444486235617,5.302920032860135
1510,True,1.4422756036226754,5.29489782495218
1511,True,1.4625711846027145,5.2992616832046915
1512,True,1.4371298935134442,5.298634667923038
1513,True,1.4366602626436593,5.291922329325733
1514,True,1.4365595787378285,5.299607838584548
1515,True,1.4735065625229213,5.2995335200400095
1516,True,1.441685583924492,5.289861271508844
1517,True,1.4546064099999703,5.296225943287935
1518,True,1.431623525683341,5.292461276207573
1519,True,1.4618631775299982,5.283369084585829
1520,True,1.427257279316891,5.29276384717077
1521,True,1.4451616351316159,5.292825228575017
1522,True,1.454523332464138,5.2949238838216415
1523,True,1.4515671627920013,5.297115834235357
1524,True,1.45584733306264,5.29301570345829
1525,True,1.4354862465022782,5.287984750040585
1526,True,1.447291382732192,5.2963981846647705
1527,True,1.4445591590781053,5.299765100598388
1528,True,1.4481079855629968,5.290896082306766
1529,True,1.4713752077727509,5.294585241732881
1530,True,1.4572882542360202,5.284699755809034
1531,True,1.4546279274737854,5.298591162626392
1532,True,1.4516080095653727,5.291625378798967
1533,True,1.4446423937170347,5.296803209465889
1534,True,1.4376456618475175,5.285420864414566
1535,True,1.4558618244035935,5.296153350441593
1536,True,1.4530143931932809,5.295813674717425
1537,True,1.4465023361388583,5.298880685443744
1538,True,1.4470279879292345,5.293340493643867
1539,True,1.4475795493622898,5.302767364550542
1540,True,1.4456492987001006,5.293300904704628
1541,True,1.460058135527097,5.301095256497493
1542,True,1.4420208974849067,5.298811157571198
1543,True,1.446373771653673,5.2933689592094115
1544,True,1.453785556116432,5.298285974190249
1545,True,1.4602919256171842,5.296732520693531
1546,True,1.4371618659959056,5.291909173754295
1547,True,1.436002084405541,5.300658432278631
1548,True,1.4743349294067827,5.302075357486252
1549,True,1.447920994748853,5.298640573900533
1550,True,1.4441123813579229,5.299432552360722
1551,True,1.4634115807208137,5.294618518772429
1552,True,1.4465403549813716,5.293151833289913
1553,True,1.4467956806883084,5.294926587658277
1554,True,1.4687531582649807,5.291774439277019
1555,True,1.4384381792728498,5.305134063338405
1556,True,1.4515992101449926,5.300633730957479
1557,True,1.440984924797059,5.297679168486667
1558,True,1.4684231705605995,5.2810111778400195
1559,True,1.432766971523852,5.299066820587598
1560,True,1.4560507166105416,5.300128337684466
1561,True,1.4408760360771045,5.293669020663607
1562,True,1.4579051427271292,5.286198810044901
1563,True,1.443168037895458,5.2940550294728395
1564,True,1.4545082473916886,5.293414449722392
1565,True,1.4499343044568125,5.2977936805883115
1566,True,1.4476337108691801,5.29264645766251
1567,True,1.444754071881182,5.290080611886059
1568,True,1.4295067020585726,5.291424601384912
1569,True,1.434157226833386,5.298838509676533
1570,True,1.4455079075806223,5.290657455431323
1571,True,1.4559838136294254,5.300773996342189
1572,True,1.4416052670401762,5.2922779446572
1573,True,1.4454684560696471,5.289224259410578
1574,True,1.4419514345327957,5.294762561035705
1575,True,1.4429677675429802,5.284040364747278
1576,True,1.4479488147128932,5.29396931372822
1577,True,1.4608206529479457,5.288106671518548
1578,True,1.4546707352417072,5.30317710172645
1579,True,1.4492085894007762,5.290761827070975
1580,True,1.4544483234641796,5.29868719663016
1581,True,1.461357373534897,5.29695029483414
1582,True,1.4446714122489492,5.286096746634176
1583,True,1.4649147268158371,5.295095912573346
1584,True,1.4398029373549204,5.284001394371512
1585,True,1.4590239128644154,5.298716609404274
1586,True,1.4509582800426013,5.300759680829695
1587,True,1.4347821791536826,5.295521374165224
1588,True,1.4519735348428668,5.294496896212301
1589,True,1.4426287417464034,5.297293560280284
1590,True,1.4476118902636488,5.285589707639688
1591,True,1.452536655892928,5.289711112269922
1592,True,1.4582648963942684,5.285788116320493
1593,True,1.4448547796826752,5.289665014830026
1594,True,1.4440824834754633,5.290583372300609
1595,True,1.4647702478287234,5.29437279596653
1596,True,1.4498835678113036,5.2859985798990765
1597,True,1.461538805369311,5.2938467217175695
1598,True,1.4513957324232534,5.306412701119308
1599,True,1.441243427137197,5.301792936548455
1600,True,1.4637691640992276,5.2915195339577785
